{"mean": -10.388483419749132, "std": 2288.5298614521794, "max": 17067.0, "min": -20881.0}